store,metric,outcome,outcome_scale,method,n,pearson_r,spearman_rho,perm_p,bootstrap_ci_low,bootstrap_ci_high,coefficient,coefficient_se,coefficient_p,coefficient_ci_low,coefficient_ci_high,partial_r,covariates
sentence,coverage,prefill.maiya,estimate,correlation,64,0.24910167388574747,0.2658500303626236,0.04814759262036898,0.04773036385327274,0.44570455859281727,,,,,,,
sentence,coverage,prefill.maiya,delta_vs_base,correlation,64,0.10859598349542415,0.0964569860202901,0.3925303734813259,-0.10838614757120017,0.3292140349049835,,,,,,,
sentence,coverage,prefill.sturgeon,estimate,correlation,64,0.276313177551081,0.3047952655849084,0.02769861506924654,0.07302465430150713,0.48059726506544176,,,,,,,
sentence,coverage,prefill.sturgeon,delta_vs_base,correlation,64,0.15446853370687857,0.11456437384412843,0.22653867306634667,-0.09020890359134862,0.3851654492678126,,,,,,,
sentence,coverage,prefill.retention,estimate,correlation,64,-0.2194875111900149,-0.22486291060499528,0.08214589270536474,-0.4263937734470345,0.01418548811104115,,,,,,,
sentence,coverage,prefill.retention,delta_vs_base,correlation,64,0.20058746535512853,0.22663324074401023,0.11239438028098594,-0.018752173585373132,0.4116057921584348,,,,,,,
sentence,coverage,prefill.retention_norm,estimate,correlation,64,0.24840332421600161,0.24908424908424906,0.05194740262986851,0.02915124251635918,0.4590133284403643,,,,,,,
sentence,coverage,prefill.retention_norm,delta_vs_base,correlation,64,0.18256427094957756,0.22779304029304023,0.14664266786660668,-0.05078356123385953,0.4224500674181954,,,,,,,
sentence,tightness,prefill.maiya,estimate,correlation,64,0.12445351687443353,0.13687464314079442,0.32693365331733415,-0.08177907523521163,0.3315087776886264,,,,,,,
sentence,tightness,prefill.maiya,delta_vs_base,correlation,64,0.03157054626726078,0.02690172289908399,0.8044597770111495,-0.1945914540292824,0.2659168697846594,,,,,,,
sentence,tightness,prefill.sturgeon,estimate,correlation,64,0.11965199317401774,0.09931659746919044,0.34823258837058146,-0.08968481510995072,0.3168911281495697,,,,,,,
sentence,tightness,prefill.sturgeon,delta_vs_base,correlation,64,0.07452598132736277,0.007280469800646051,0.5585220738963051,-0.15448534815767892,0.28146499911092593,,,,,,,
sentence,tightness,prefill.retention,estimate,correlation,64,-0.06301956197890826,-0.030680816638905775,0.6232188390580471,-0.2705873146763602,0.15605777547285488,,,,,,,
sentence,tightness,prefill.retention,delta_vs_base,correlation,64,0.054078162020910536,0.052268278474449474,0.6684665766711665,-0.20679535832621757,0.3036464682319555,,,,,,,
sentence,tightness,prefill.retention_norm,estimate,correlation,64,0.10746046872112365,0.11506410256410254,0.39968001599920006,-0.1096451751147755,0.33307812750061705,,,,,,,
sentence,tightness,prefill.retention_norm,delta_vs_base,correlation,64,0.044465644933159486,0.05366300366300365,0.7260636968151593,-0.20413452857121744,0.2952144529185353,,,,,,,
persona,coverage,prefill.maiya,estimate,correlation,64,-0.5477968793974592,-0.5428277081937025,4.999750012499375e-05,-0.6952279311773288,-0.3639030724300017,,,,,,,
persona,coverage,prefill.maiya,delta_vs_base,correlation,64,-0.43424992248975625,-0.4517199938714273,0.0007999600019999,-0.639192636447857,-0.18040460434782038,,,,,,,
persona,coverage,prefill.sturgeon,estimate,correlation,64,-0.5482242180235944,-0.534519271810325,4.999750012499375e-05,-0.6780901506722767,-0.389169546907986,,,,,,,
persona,coverage,prefill.sturgeon,delta_vs_base,correlation,64,-0.46242031603227113,-0.45285437942383294,0.00034998250087495624,-0.6338042571381824,-0.2606777273942974,,,,,,,
persona,coverage,prefill.retention,estimate,correlation,64,-0.10416767470241656,-0.11999862686903372,0.41887905604719766,-0.31036611324291097,0.11453739668054423,,,,,,,
persona,coverage,prefill.retention,delta_vs_base,correlation,64,-0.4606873099867095,-0.4905617182969903,0.0002999850007499625,-0.6575840919300017,-0.24454210479234958,,,,,,,
persona,coverage,prefill.retention_norm,estimate,correlation,64,-0.45468333231475977,-0.446657509157509,0.00039998000099995,-0.6277011478546062,-0.25268771855696476,,,,,,,
persona,coverage,prefill.retention_norm,delta_vs_base,correlation,64,-0.4331289372773873,-0.4738553113553113,0.000199990000499975,-0.6308128023623886,-0.19471094370269806,,,,,,,
persona,tightness,prefill.maiya,estimate,correlation,64,0.5893232765079839,0.581431028423776,4.999750012499375e-05,0.403998636183747,0.7273000713984901,,,,,,,
persona,tightness,prefill.maiya,delta_vs_base,correlation,64,0.5045878903189044,0.5045160560035871,9.99950002499875e-05,0.29958677310572124,0.6679040017387757,,,,,,,
persona,tightness,prefill.sturgeon,estimate,correlation,64,0.6366325710201596,0.6238538415025291,4.999750012499375e-05,0.4792773847253477,0.7584179001487568,,,,,,,
persona,tightness,prefill.sturgeon,delta_vs_base,correlation,64,0.6048317313173867,0.578362352528052,4.999750012499375e-05,0.43933984236087176,0.7315163592518169,,,,,,,
persona,tightness,prefill.retention,estimate,correlation,64,0.007862273687246079,-0.01719499499687928,0.9504024798760062,-0.2200100867830772,0.23460099366692422,,,,,,,
persona,tightness,prefill.retention,delta_vs_base,correlation,64,0.5120299853331154,0.5158373115671577,9.99950002499875e-05,0.2878358244693391,0.6971111359733175,,,,,,,
persona,tightness,prefill.retention_norm,estimate,correlation,64,0.44443966069069446,0.425503663003663,0.0002999850007499625,0.23383667909954126,0.6390921090303079,,,,,,,
persona,tightness,prefill.retention_norm,delta_vs_base,correlation,64,0.46596751268220005,0.4763278388278388,0.00014999250037498125,0.2602612391970312,0.6563136855775814,,,,,,,
