arm_id,family,kind,store,coverage,tightness,k,rows,sampling_score,bin,arms_sha256
base,reference,base,sentence,,,0,0,,,ce86f3363f82b093c33c0db91b29d213145b1b574590c63de1f0f06f2ff7630f
base,reference,base,persona,,,0,0,,,ce86f3363f82b093c33c0db91b29d213145b1b574590c63de1f0f06f2ff7630f
ew6_00,ew6,sampled,sentence,0.4520239188538912,0.29572918534313003,6,12000,-0.06386663216168208,0.0,ce86f3363f82b093c33c0db91b29d213145b1b574590c63de1f0f06f2ff7630f
ew6_00,ew6,sampled,persona,0.3863512561751702,-0.06386663216168205,6,12000,-0.06386663216168208,0.0,ce86f3363f82b093c33c0db91b29d213145b1b574590c63de1f0f06f2ff7630f
ew6_01,ew6,sampled,sentence,0.43265312786777793,0.36633905489342183,6,12000,0.0036607835929206695,0.0,ce86f3363f82b093c33c0db91b29d213145b1b574590c63de1f0f06f2ff7630f
ew6_01,ew6,sampled,persona,0.34150884776299634,0.003660783592920645,6,12000,0.0036607835929206695,0.0,ce86f3363f82b093c33c0db91b29d213145b1b574590c63de1f0f06f2ff7630f
ew6_02,ew6,sampled,sentence,0.45481464315982517,0.34476369433943843,6,12000,0.004028683646883724,0.0,ce86f3363f82b093c33c0db91b29d213145b1b574590c63de1f0f06f2ff7630f
ew6_02,ew6,sampled,persona,0.3548154740917224,0.004028683646883708,6,12000,0.004028683646883724,0.0,ce86f3363f82b093c33c0db91b29d213145b1b574590c63de1f0f06f2ff7630f
ew6_03,ew6,sampled,sentence,0.4486426144681069,0.43699921161873606,6,12000,0.008809454783691608,0.0,ce86f3363f82b093c33c0db91b29d213145b1b574590c63de1f0f06f2ff7630f
ew6_03,ew6,sampled,persona,0.3590233827231961,0.008809454783691606,6,12000,0.008809454783691608,0.0,ce86f3363f82b093c33c0db91b29d213145b1b574590c63de1f0f06f2ff7630f
ew6_04,ew6,sampled,sentence,0.454106669729513,0.2859839737583101,6,12000,0.011341636032324898,0.0,ce86f3363f82b093c33c0db91b29d213145b1b574590c63de1f0f06f2ff7630f
ew6_04,ew6,sampled,persona,0.3822154923473915,0.011341636032324888,6,12000,0.011341636032324898,0.0,ce86f3363f82b093c33c0db91b29d213145b1b574590c63de1f0f06f2ff7630f
ew6_05,ew6,sampled,sentence,0.47055182863585937,0.410404001511578,6,12000,0.019213135991261825,0.0,ce86f3363f82b093c33c0db91b29d213145b1b574590c63de1f0f06f2ff7630f
ew6_05,ew6,sampled,persona,0.3978569790670323,0.01921313599126184,6,12000,0.019213135991261825,0.0,ce86f3363f82b093c33c0db91b29d213145b1b574590c63de1f0f06f2ff7630f
ew6_06,ew6,sampled,sentence,0.4895642283956614,0.4279778420231022,6,12000,0.020019838998251528,0.0,ce86f3363f82b093c33c0db91b29d213145b1b574590c63de1f0f06f2ff7630f
ew6_06,ew6,sampled,persona,0.40891949497936314,0.020019838998251546,6,12000,0.020019838998251528,0.0,ce86f3363f82b093c33c0db91b29d213145b1b574590c63de1f0f06f2ff7630f
ew6_07,ew6,sampled,sentence,0.42901165556584747,0.3257735911430508,6,12000,0.02687861792362798,0.0,ce86f3363f82b093c33c0db91b29d213145b1b574590c63de1f0f06f2ff7630f
ew6_07,ew6,sampled,persona,0.4006600640051023,0.026878617923627997,6,12000,0.02687861792362798,0.0,ce86f3363f82b093c33c0db91b29d213145b1b574590c63de1f0f06f2ff7630f
ew6_08,ew6,sampled,sentence,0.45510276941867395,0.3968798112664794,6,12000,0.03080597707542103,0.0,ce86f3363f82b093c33c0db91b29d213145b1b574590c63de1f0f06f2ff7630f
ew6_08,ew6,sampled,persona,0.43166284593893733,0.030805977075421095,6,12000,0.03080597707542103,0.0,ce86f3363f82b093c33c0db91b29d213145b1b574590c63de1f0f06f2ff7630f
ew6_09,ew6,sampled,sentence,0.4682379392429619,0.4172874826807356,6,12000,0.03088735586294345,0.0,ce86f3363f82b093c33c0db91b29d213145b1b574590c63de1f0f06f2ff7630f
ew6_09,ew6,sampled,persona,0.387624130088579,0.030887355862943458,6,12000,0.03088735586294345,0.0,ce86f3363f82b093c33c0db91b29d213145b1b574590c63de1f0f06f2ff7630f
ew6_10,ew6,sampled,sentence,0.4816322740234062,0.38057584350483153,6,12000,0.03975318625646206,0.0,ce86f3363f82b093c33c0db91b29d213145b1b574590c63de1f0f06f2ff7630f
ew6_10,ew6,sampled,persona,0.4132982537744077,0.03975318625646205,6,12000,0.03975318625646206,0.0,ce86f3363f82b093c33c0db91b29d213145b1b574590c63de1f0f06f2ff7630f
ew6_11,ew6,sampled,sentence,0.47709050630091193,0.3428596225564783,6,12000,0.04338929697182726,0.0,ce86f3363f82b093c33c0db91b29d213145b1b574590c63de1f0f06f2ff7630f
ew6_11,ew6,sampled,persona,0.4191641685366317,0.04338929697182726,6,12000,0.04338929697182726,0.0,ce86f3363f82b093c33c0db91b29d213145b1b574590c63de1f0f06f2ff7630f
ew6_12,ew6,sampled,sentence,0.40991914493053727,0.3309703757993598,6,12000,0.04367432717235023,0.0,ce86f3363f82b093c33c0db91b29d213145b1b574590c63de1f0f06f2ff7630f
ew6_12,ew6,sampled,persona,0.3404784963397,0.04367432717235027,6,12000,0.04367432717235023,0.0,ce86f3363f82b093c33c0db91b29d213145b1b574590c63de1f0f06f2ff7630f
ew6_13,ew6,sampled,sentence,0.45981745735749746,0.33656089956173,6,12000,0.044551168942575596,0.0,ce86f3363f82b093c33c0db91b29d213145b1b574590c63de1f0f06f2ff7630f
ew6_13,ew6,sampled,persona,0.39932371441987724,0.04455116894257564,6,12000,0.044551168942575596,0.0,ce86f3363f82b093c33c0db91b29d213145b1b574590c63de1f0f06f2ff7630f
ew6_14,ew6,sampled,sentence,0.45035783225033116,0.3574626901709991,6,12000,0.04988830853606677,0.0,ce86f3363f82b093c33c0db91b29d213145b1b574590c63de1f0f06f2ff7630f
ew6_14,ew6,sampled,persona,0.37432751704669603,0.04988830853606677,6,12000,0.04988830853606677,0.0,ce86f3363f82b093c33c0db91b29d213145b1b574590c63de1f0f06f2ff7630f
ew6_15,ew6,sampled,sentence,0.45073416148029266,0.4317571168785549,6,12000,0.05419682350487242,0.0,ce86f3363f82b093c33c0db91b29d213145b1b574590c63de1f0f06f2ff7630f
ew6_15,ew6,sampled,persona,0.35109860258415404,0.05419682350487242,6,12000,0.05419682350487242,0.0,ce86f3363f82b093c33c0db91b29d213145b1b574590c63de1f0f06f2ff7630f
ew6_16,ew6,sampled,sentence,0.4642182326939499,0.3873029868948057,6,12000,0.06406449159937035,1.0,ce86f3363f82b093c33c0db91b29d213145b1b574590c63de1f0f06f2ff7630f
ew6_16,ew6,sampled,persona,0.35733773514119027,0.06406449159937035,6,12000,0.06406449159937035,1.0,ce86f3363f82b093c33c0db91b29d213145b1b574590c63de1f0f06f2ff7630f
ew6_17,ew6,sampled,sentence,0.4491929958092825,0.32891989747961853,6,12000,0.07622976573980662,1.0,ce86f3363f82b093c33c0db91b29d213145b1b574590c63de1f0f06f2ff7630f
ew6_17,ew6,sampled,persona,0.3845414523592046,0.07622976573980664,6,12000,0.07622976573980662,1.0,ce86f3363f82b093c33c0db91b29d213145b1b574590c63de1f0f06f2ff7630f
ew6_18,ew6,sampled,sentence,0.4468910543608196,0.3727900295171491,6,12000,0.08693607334372659,1.0,ce86f3363f82b093c33c0db91b29d213145b1b574590c63de1f0f06f2ff7630f
ew6_18,ew6,sampled,persona,0.33730631765129776,0.08693607334372662,6,12000,0.08693607334372659,1.0,ce86f3363f82b093c33c0db91b29d213145b1b574590c63de1f0f06f2ff7630f
ew6_19,ew6,sampled,sentence,0.44663630804564314,0.43662113571473077,6,12000,0.08765507634034965,1.0,ce86f3363f82b093c33c0db91b29d213145b1b574590c63de1f0f06f2ff7630f
ew6_19,ew6,sampled,persona,0.35829938332908634,0.08765507634034966,6,12000,0.08765507634034965,1.0,ce86f3363f82b093c33c0db91b29d213145b1b574590c63de1f0f06f2ff7630f
ew6_20,ew6,sampled,sentence,0.4446224295076172,0.3415942451486329,6,12000,0.08826914455180948,1.0,ce86f3363f82b093c33c0db91b29d213145b1b574590c63de1f0f06f2ff7630f
ew6_20,ew6,sampled,persona,0.30331873956378447,0.08826914455180943,6,12000,0.08826914455180948,1.0,ce86f3363f82b093c33c0db91b29d213145b1b574590c63de1f0f06f2ff7630f
ew6_21,ew6,sampled,sentence,0.46275584683709126,0.34783282509584956,6,12000,0.09904598821174335,1.0,ce86f3363f82b093c33c0db91b29d213145b1b574590c63de1f0f06f2ff7630f
ew6_21,ew6,sampled,persona,0.3498896596121301,0.09904598821174337,6,12000,0.09904598821174335,1.0,ce86f3363f82b093c33c0db91b29d213145b1b574590c63de1f0f06f2ff7630f
ew6_22,ew6,sampled,sentence,0.46008295705258084,0.38741853769266593,6,12000,0.10116351323151568,1.0,ce86f3363f82b093c33c0db91b29d213145b1b574590c63de1f0f06f2ff7630f
ew6_22,ew6,sampled,persona,0.36071991954074517,0.10116351323151565,6,12000,0.10116351323151568,1.0,ce86f3363f82b093c33c0db91b29d213145b1b574590c63de1f0f06f2ff7630f
ew6_23,ew6,sampled,sentence,0.45740177227438855,0.3374665758479859,6,12000,0.10975457443292976,1.0,ce86f3363f82b093c33c0db91b29d213145b1b574590c63de1f0f06f2ff7630f
ew6_23,ew6,sampled,persona,0.3543366954804789,0.10975457443292978,6,12000,0.10975457443292976,1.0,ce86f3363f82b093c33c0db91b29d213145b1b574590c63de1f0f06f2ff7630f
ew6_24,ew6,sampled,sentence,0.42640066001109,0.36608547298894173,6,12000,0.110014208129984,1.0,ce86f3363f82b093c33c0db91b29d213145b1b574590c63de1f0f06f2ff7630f
ew6_24,ew6,sampled,persona,0.38702843925275904,0.11001420812998397,6,12000,0.110014208129984,1.0,ce86f3363f82b093c33c0db91b29d213145b1b574590c63de1f0f06f2ff7630f
ew6_25,ew6,sampled,sentence,0.46492620526193024,0.4224213774178409,6,12000,0.1171530621781064,1.0,ce86f3363f82b093c33c0db91b29d213145b1b574590c63de1f0f06f2ff7630f
ew6_25,ew6,sampled,persona,0.2955212684589474,0.11715306217810638,6,12000,0.1171530621781064,1.0,ce86f3363f82b093c33c0db91b29d213145b1b574590c63de1f0f06f2ff7630f
ew6_26,ew6,sampled,sentence,0.48402833661513195,0.34926829758860317,6,12000,0.12017596139927984,1.0,ce86f3363f82b093c33c0db91b29d213145b1b574590c63de1f0f06f2ff7630f
ew6_26,ew6,sampled,persona,0.30007197913005895,0.12017596139927986,6,12000,0.12017596139927984,1.0,ce86f3363f82b093c33c0db91b29d213145b1b574590c63de1f0f06f2ff7630f
ew6_27,ew6,sampled,sentence,0.4620942037986839,0.3478867949021244,6,12000,0.1311800767911877,1.0,ce86f3363f82b093c33c0db91b29d213145b1b574590c63de1f0f06f2ff7630f
ew6_27,ew6,sampled,persona,0.3543687302264033,0.13118007679118768,6,12000,0.1311800767911877,1.0,ce86f3363f82b093c33c0db91b29d213145b1b574590c63de1f0f06f2ff7630f
ew6_28,ew6,sampled,sentence,0.4787321890280332,0.3587064830779576,6,12000,0.1481005202264004,1.0,ce86f3363f82b093c33c0db91b29d213145b1b574590c63de1f0f06f2ff7630f
ew6_28,ew6,sampled,persona,0.35076980757052845,0.1481005202264004,6,12000,0.1481005202264004,1.0,ce86f3363f82b093c33c0db91b29d213145b1b574590c63de1f0f06f2ff7630f
ew6_29,ew6,sampled,sentence,0.4472333687138419,0.3313797328715213,6,12000,0.1568957159629943,1.0,ce86f3363f82b093c33c0db91b29d213145b1b574590c63de1f0f06f2ff7630f
ew6_29,ew6,sampled,persona,0.4098700244328395,0.1568957159629943,6,12000,0.1568957159629943,1.0,ce86f3363f82b093c33c0db91b29d213145b1b574590c63de1f0f06f2ff7630f
ew6_30,ew6,sampled,sentence,0.4532229453064696,0.3743019573871669,6,12000,0.15814634910239048,1.0,ce86f3363f82b093c33c0db91b29d213145b1b574590c63de1f0f06f2ff7630f
ew6_30,ew6,sampled,persona,0.32576702363415316,0.15814634910239048,6,12000,0.15814634910239048,1.0,ce86f3363f82b093c33c0db91b29d213145b1b574590c63de1f0f06f2ff7630f
ew6_31,ew6,sampled,sentence,0.4365193292391911,0.32990468271144985,6,12000,0.18026211505738152,1.0,ce86f3363f82b093c33c0db91b29d213145b1b574590c63de1f0f06f2ff7630f
ew6_31,ew6,sampled,persona,0.32841825382767825,0.18026211505738152,6,12000,0.18026211505738152,1.0,ce86f3363f82b093c33c0db91b29d213145b1b574590c63de1f0f06f2ff7630f
ew6_32,ew6,sampled,sentence,0.47303767848137257,0.3969255196512267,6,12000,0.1961318303803199,2.0,ce86f3363f82b093c33c0db91b29d213145b1b574590c63de1f0f06f2ff7630f
ew6_32,ew6,sampled,persona,0.33910238859185915,0.19613183038032,6,12000,0.1961318303803199,2.0,ce86f3363f82b093c33c0db91b29d213145b1b574590c63de1f0f06f2ff7630f
ew6_33,ew6,sampled,sentence,0.4700127188436147,0.33242316967313906,6,12000,0.1976311323971739,2.0,ce86f3363f82b093c33c0db91b29d213145b1b574590c63de1f0f06f2ff7630f
ew6_33,ew6,sampled,persona,0.3383333289075028,0.19763113239717386,6,12000,0.1976311323971739,2.0,ce86f3363f82b093c33c0db91b29d213145b1b574590c63de1f0f06f2ff7630f
ew6_34,ew6,sampled,sentence,0.4885574736671447,0.4562342840989599,6,12000,0.19849364088616897,2.0,ce86f3363f82b093c33c0db91b29d213145b1b574590c63de1f0f06f2ff7630f
ew6_34,ew6,sampled,persona,0.30679947680468656,0.19849364088616894,6,12000,0.19849364088616897,2.0,ce86f3363f82b093c33c0db91b29d213145b1b574590c63de1f0f06f2ff7630f
ew6_35,ew6,sampled,sentence,0.4608125307482697,0.38835037003836964,6,12000,0.20015667735804313,2.0,ce86f3363f82b093c33c0db91b29d213145b1b574590c63de1f0f06f2ff7630f
ew6_35,ew6,sampled,persona,0.3246728269757106,0.20015667735804318,6,12000,0.20015667735804313,2.0,ce86f3363f82b093c33c0db91b29d213145b1b574590c63de1f0f06f2ff7630f
ew6_36,ew6,sampled,sentence,0.4495181094658229,0.3429246508375755,6,12000,0.2169551979254819,2.0,ce86f3363f82b093c33c0db91b29d213145b1b574590c63de1f0f06f2ff7630f
ew6_36,ew6,sampled,persona,0.34794965402186956,0.21695519792548196,6,12000,0.2169551979254819,2.0,ce86f3363f82b093c33c0db91b29d213145b1b574590c63de1f0f06f2ff7630f
ew6_37,ew6,sampled,sentence,0.4828399525951797,0.4163719210101834,6,12000,0.22282595828836282,2.0,ce86f3363f82b093c33c0db91b29d213145b1b574590c63de1f0f06f2ff7630f
ew6_37,ew6,sampled,persona,0.3274075961223552,0.22282595828836282,6,12000,0.22282595828836282,2.0,ce86f3363f82b093c33c0db91b29d213145b1b574590c63de1f0f06f2ff7630f
ew6_38,ew6,sampled,sentence,0.46555252576275913,0.4425988374702389,6,12000,0.22506477758622317,2.0,ce86f3363f82b093c33c0db91b29d213145b1b574590c63de1f0f06f2ff7630f
ew6_38,ew6,sampled,persona,0.2983485119624292,0.22506477758622317,6,12000,0.22506477758622317,2.0,ce86f3363f82b093c33c0db91b29d213145b1b574590c63de1f0f06f2ff7630f
ew6_39,ew6,sampled,sentence,0.44089041993562356,0.3985116427934267,6,12000,0.2465044354349425,2.0,ce86f3363f82b093c33c0db91b29d213145b1b574590c63de1f0f06f2ff7630f
ew6_39,ew6,sampled,persona,0.25014881300223807,0.24650443543494252,6,12000,0.2465044354349425,2.0,ce86f3363f82b093c33c0db91b29d213145b1b574590c63de1f0f06f2ff7630f
ew6_40,ew6,sampled,sentence,0.4636705268763805,0.40685650252183536,6,12000,0.24689143419496018,2.0,ce86f3363f82b093c33c0db91b29d213145b1b574590c63de1f0f06f2ff7630f
ew6_40,ew6,sampled,persona,0.34364955486429877,0.24689143419496018,6,12000,0.24689143419496018,2.0,ce86f3363f82b093c33c0db91b29d213145b1b574590c63de1f0f06f2ff7630f
ew6_41,ew6,sampled,sentence,0.48207442922801613,0.4038177803592314,6,12000,0.25293523516418975,2.0,ce86f3363f82b093c33c0db91b29d213145b1b574590c63de1f0f06f2ff7630f
ew6_41,ew6,sampled,persona,0.30514263651484524,0.25293523516418975,6,12000,0.25293523516418975,2.0,ce86f3363f82b093c33c0db91b29d213145b1b574590c63de1f0f06f2ff7630f
ew6_42,ew6,sampled,sentence,0.4573976734702036,0.41058410437103265,6,12000,0.2626545304153228,2.0,ce86f3363f82b093c33c0db91b29d213145b1b574590c63de1f0f06f2ff7630f
ew6_42,ew6,sampled,persona,0.3416504208496015,0.2626545304153228,6,12000,0.2626545304153228,2.0,ce86f3363f82b093c33c0db91b29d213145b1b574590c63de1f0f06f2ff7630f
ew6_43,ew6,sampled,sentence,0.48628925478494894,0.4436150892716103,6,12000,0.26604767838095944,2.0,ce86f3363f82b093c33c0db91b29d213145b1b574590c63de1f0f06f2ff7630f
ew6_43,ew6,sampled,persona,0.22872678989417702,0.2660476783809595,6,12000,0.26604767838095944,2.0,ce86f3363f82b093c33c0db91b29d213145b1b574590c63de1f0f06f2ff7630f
ew6_44,ew6,sampled,sentence,0.42695015058714,0.32305417706412926,6,12000,0.27551360790514734,2.0,ce86f3363f82b093c33c0db91b29d213145b1b574590c63de1f0f06f2ff7630f
ew6_44,ew6,sampled,persona,0.3008672019748859,0.2755136079051473,6,12000,0.27551360790514734,2.0,ce86f3363f82b093c33c0db91b29d213145b1b574590c63de1f0f06f2ff7630f
ew6_45,ew6,sampled,sentence,0.46268646187254425,0.37668969023011717,6,12000,0.29109055300923603,2.0,ce86f3363f82b093c33c0db91b29d213145b1b574590c63de1f0f06f2ff7630f
ew6_45,ew6,sampled,persona,0.26519617738201157,0.29109055300923603,6,12000,0.29109055300923603,2.0,ce86f3363f82b093c33c0db91b29d213145b1b574590c63de1f0f06f2ff7630f
ew6_46,ew6,sampled,sentence,0.4726094007699143,0.4317314581519759,6,12000,0.29121294486298777,2.0,ce86f3363f82b093c33c0db91b29d213145b1b574590c63de1f0f06f2ff7630f
ew6_46,ew6,sampled,persona,0.2717362762680477,0.2912129448629877,6,12000,0.29121294486298777,2.0,ce86f3363f82b093c33c0db91b29d213145b1b574590c63de1f0f06f2ff7630f
ew6_47,ew6,sampled,sentence,0.4283742725422028,0.36812811728696443,6,12000,0.31789467672086713,2.0,ce86f3363f82b093c33c0db91b29d213145b1b574590c63de1f0f06f2ff7630f
ew6_47,ew6,sampled,persona,0.23895818846555156,0.31789467672086713,6,12000,0.31789467672086713,2.0,ce86f3363f82b093c33c0db91b29d213145b1b574590c63de1f0f06f2ff7630f
ew6_48,ew6,sampled,sentence,0.4772838817718966,0.3955495831213908,6,12000,0.3304306026108977,3.0,ce86f3363f82b093c33c0db91b29d213145b1b574590c63de1f0f06f2ff7630f
ew6_48,ew6,sampled,persona,0.26863268313897887,0.3304306026108977,6,12000,0.3304306026108977,3.0,ce86f3363f82b093c33c0db91b29d213145b1b574590c63de1f0f06f2ff7630f
ew6_49,ew6,sampled,sentence,0.491497230140616,0.4424859892250403,6,12000,0.33647665066442145,3.0,ce86f3363f82b093c33c0db91b29d213145b1b574590c63de1f0f06f2ff7630f
ew6_49,ew6,sampled,persona,0.2590630075824077,0.33647665066442145,6,12000,0.33647665066442145,3.0,ce86f3363f82b093c33c0db91b29d213145b1b574590c63de1f0f06f2ff7630f
ew6_50,ew6,sampled,sentence,0.47266125719520813,0.3925503120033572,6,12000,0.33699095000669793,3.0,ce86f3363f82b093c33c0db91b29d213145b1b574590c63de1f0f06f2ff7630f
ew6_50,ew6,sampled,persona,0.1940394438615302,0.33699095000669793,6,12000,0.33699095000669793,3.0,ce86f3363f82b093c33c0db91b29d213145b1b574590c63de1f0f06f2ff7630f
ew6_51,ew6,sampled,sentence,0.4567766234156113,0.37031137644050033,6,12000,0.33818784969800103,3.0,ce86f3363f82b093c33c0db91b29d213145b1b574590c63de1f0f06f2ff7630f
ew6_51,ew6,sampled,persona,0.2884417020127156,0.3381878496980011,6,12000,0.33818784969800103,3.0,ce86f3363f82b093c33c0db91b29d213145b1b574590c63de1f0f06f2ff7630f
ew6_52,ew6,sampled,sentence,0.44947972108352513,0.37122452260165356,6,12000,0.34195390769466216,3.0,ce86f3363f82b093c33c0db91b29d213145b1b574590c63de1f0f06f2ff7630f
ew6_52,ew6,sampled,persona,0.267135272795619,0.34195390769466216,6,12000,0.34195390769466216,3.0,ce86f3363f82b093c33c0db91b29d213145b1b574590c63de1f0f06f2ff7630f
ew6_53,ew6,sampled,sentence,0.4469436238170355,0.3952110323659535,6,12000,0.3487418577916573,3.0,ce86f3363f82b093c33c0db91b29d213145b1b574590c63de1f0f06f2ff7630f
ew6_53,ew6,sampled,persona,0.27608223306875507,0.3487418577916573,6,12000,0.3487418577916573,3.0,ce86f3363f82b093c33c0db91b29d213145b1b574590c63de1f0f06f2ff7630f
ew6_54,ew6,sampled,sentence,0.472275108812432,0.4231400333481961,6,12000,0.3503573926063267,3.0,ce86f3363f82b093c33c0db91b29d213145b1b574590c63de1f0f06f2ff7630f
ew6_54,ew6,sampled,persona,0.18458485939124852,0.35035739260632665,6,12000,0.3503573926063267,3.0,ce86f3363f82b093c33c0db91b29d213145b1b574590c63de1f0f06f2ff7630f
ew6_55,ew6,sampled,sentence,0.46200235229701353,0.44574668492129105,6,12000,0.3603797747031428,3.0,ce86f3363f82b093c33c0db91b29d213145b1b574590c63de1f0f06f2ff7630f
ew6_55,ew6,sampled,persona,0.317416974888893,0.3603797747031428,6,12000,0.3603797747031428,3.0,ce86f3363f82b093c33c0db91b29d213145b1b574590c63de1f0f06f2ff7630f
ew6_56,ew6,sampled,sentence,0.47365137108076755,0.38799123994890133,6,12000,0.3636300365974207,3.0,ce86f3363f82b093c33c0db91b29d213145b1b574590c63de1f0f06f2ff7630f
ew6_56,ew6,sampled,persona,0.23628491839289117,0.3636300365974209,6,12000,0.3636300365974207,3.0,ce86f3363f82b093c33c0db91b29d213145b1b574590c63de1f0f06f2ff7630f
ew6_57,ew6,sampled,sentence,0.471965546572935,0.41004731602731004,6,12000,0.3773388239774601,3.0,ce86f3363f82b093c33c0db91b29d213145b1b574590c63de1f0f06f2ff7630f
ew6_57,ew6,sampled,persona,0.24905934421490183,0.37733882397746005,6,12000,0.3773388239774601,3.0,ce86f3363f82b093c33c0db91b29d213145b1b574590c63de1f0f06f2ff7630f
ew6_58,ew6,sampled,sentence,0.4666879032330079,0.4083432143486943,6,12000,0.38715200325180077,3.0,ce86f3363f82b093c33c0db91b29d213145b1b574590c63de1f0f06f2ff7630f
ew6_58,ew6,sampled,persona,0.1985256739426651,0.38715200325180077,6,12000,0.38715200325180077,3.0,ce86f3363f82b093c33c0db91b29d213145b1b574590c63de1f0f06f2ff7630f
ew6_59,ew6,sampled,sentence,0.4920532445350133,0.47787507964909276,6,12000,0.398493771688849,3.0,ce86f3363f82b093c33c0db91b29d213145b1b574590c63de1f0f06f2ff7630f
ew6_59,ew6,sampled,persona,0.2630152312418911,0.3984937716888489,6,12000,0.398493771688849,3.0,ce86f3363f82b093c33c0db91b29d213145b1b574590c63de1f0f06f2ff7630f
ew6_60,ew6,sampled,sentence,0.4726809012419945,0.4128565716781241,6,12000,0.3993104561519905,3.0,ce86f3363f82b093c33c0db91b29d213145b1b574590c63de1f0f06f2ff7630f
ew6_60,ew6,sampled,persona,0.31126187939403743,0.3993104561519904,6,12000,0.3993104561519905,3.0,ce86f3363f82b093c33c0db91b29d213145b1b574590c63de1f0f06f2ff7630f
ew6_61,ew6,sampled,sentence,0.4752436926649555,0.39816255702650244,6,12000,0.4187363709563998,3.0,ce86f3363f82b093c33c0db91b29d213145b1b574590c63de1f0f06f2ff7630f
ew6_61,ew6,sampled,persona,0.2531882033610148,0.4187363709563998,6,12000,0.4187363709563998,3.0,ce86f3363f82b093c33c0db91b29d213145b1b574590c63de1f0f06f2ff7630f
ew6_62,ew6,sampled,sentence,0.4593559302117474,0.3747564670816528,6,12000,0.42016080266804773,3.0,ce86f3363f82b093c33c0db91b29d213145b1b574590c63de1f0f06f2ff7630f
ew6_62,ew6,sampled,persona,0.16243779223457436,0.4201608026680478,6,12000,0.42016080266804773,3.0,ce86f3363f82b093c33c0db91b29d213145b1b574590c63de1f0f06f2ff7630f
ew6_63,ew6,sampled,sentence,0.4691888983326668,0.41758688444453596,6,12000,0.4263025363036652,3.0,ce86f3363f82b093c33c0db91b29d213145b1b574590c63de1f0f06f2ff7630f
ew6_63,ew6,sampled,persona,0.2330040478282749,0.42630253630366527,6,12000,0.4263025363036652,3.0,ce86f3363f82b093c33c0db91b29d213145b1b574590c63de1f0f06f2ff7630f
