method,k,silhouette,z,gamma,null_mean,null_sd,sizes
upgma,2,0.0737,28.595,0.7407,0.0001,0.0026,30/36
upgma,3,0.0460,9.699,0.7465,-0.0124,0.0060,3/30/33
upgma,4,0.0390,8.022,0.7463,-0.0206,0.0074,3/3/27/33
upgma,5,0.0369,5.766,0.7471,-0.0336,0.0122,1/3/3/27/32
upgma,6,0.0368,5.734,0.7465,-0.0434,0.0140,1/1/3/3/27/31
upgma,7,0.0371,6.034,0.7459,-0.0504,0.0145,1/1/1/3/3/27/30
upgma,8,0.0372,6.707,0.7457,-0.0565,0.0140,1/1/1/1/2/3/27/30
kmedoids,2,0.0765,28.916,0.7894,0.0000,0.0026,31/35
kmedoids,3,0.0449,37.300,0.6618,-0.0064,0.0014,17/19/30
kmedoids,4,0.0318,8.292,0.6575,-0.0159,0.0057,3/16/19/28
kmedoids,5,0.0282,4.760,0.6577,-0.0326,0.0128,1/2/16/19/28
kmedoids,6,0.0269,4.908,0.6604,-0.0425,0.0141,1/1/2/15/19/28
kmedoids,7,0.0266,5.215,0.6610,-0.0499,0.0147,1/1/1/2/15/18/28
kmedoids,8,0.0267,5.633,0.6595,-0.0555,0.0146,1/1/1/1/2/14/18/28
mds,2,0.0763,29.496,0.7944,0.0000,0.0026,33/33
mds,3,0.0449,23.273,0.7207,-0.0073,0.0022,10/25/31
mds,4,0.0364,16.626,0.6877,-0.0124,0.0029,9/9/24/24
mds,5,0.0273,15.336,0.5961,-0.0159,0.0028,9/9/9/17/22
mds,6,0.0169,13.053,0.5099,-0.0191,0.0028,7/8/10/10/14/17
mds,7,0.0138,9.825,0.4937,-0.0238,0.0038,5/5/7/9/10/14/16
mds,8,0.0110,8.239,0.4488,-0.0278,0.0047,3/5/6/7/10/10/12/13
