arm_id,family,kind,k,rows,sentence.coverage,sentence.tightness,persona.coverage,persona.tightness,prefill.maiya.estimate,prefill.maiya.ci_low,prefill.maiya.ci_high,prefill.maiya.delta_vs_base,prefill.maiya.delta_ci_low,prefill.maiya.delta_ci_high,prefill.maiya.complete,prefill.maiya.n_checkpoints,prefill.sturgeon.estimate,prefill.sturgeon.ci_low,prefill.sturgeon.ci_high,prefill.sturgeon.delta_vs_base,prefill.sturgeon.delta_ci_low,prefill.sturgeon.delta_ci_high,prefill.sturgeon.complete,prefill.sturgeon.n_checkpoints,prefill.retention.estimate,prefill.retention.ci_low,prefill.retention.ci_high,prefill.retention.delta_vs_base,prefill.retention.delta_ci_low,prefill.retention.delta_ci_high,prefill.retention.complete,prefill.retention.n_checkpoints,prefill.retention_norm.estimate,prefill.retention_norm.ci_low,prefill.retention_norm.ci_high,prefill.retention_norm.delta_vs_base,prefill.retention_norm.delta_ci_low,prefill.retention_norm.delta_ci_high,prefill.retention_norm.complete,prefill.retention_norm.n_checkpoints
base,reference,base,0,0,,,,,,,,,,,True,1,,,,,,,True,1,,,,,,,True,1,,,,,,,True,1
ew6_00,ew6,sampled,6,12000,0.4520239188538912,0.29572918534313,0.3863512561751702,-0.063866632161682,0.5333333333333333,0.48327477675303765,0.5849733623352878,0.31,0.25172355148956127,0.3684233290839556,True,1,0.21999999999999997,0.12897293308166713,0.3065165918752952,0.17666666666666664,0.09016393442622953,0.2625909483290171,True,1,-0.07833333333333337,-0.1160479178517254,-0.040535798956851644,0.3283333333333333,0.2606410221146441,0.39655459770114937,True,1,0.7915531335149864,0.7432335907335907,0.8402116692257073,0.5005478425096954,0.4249228407158788,0.5728143300515587,True,1
ew6_01,ew6,sampled,6,12000,0.4326531278677779,0.3663390548934218,0.3415088477629963,0.0036607835929206,0.4116666666666667,0.3598599843355466,0.45941953109241696,0.18833333333333335,0.13276525871735992,0.24172276399097592,True,1,-0.09666666666666662,-0.1908598534050844,-0.006867143884645744,-0.1066666666666666,-0.19666803278688533,-0.01671343873517793,True,1,0.006666666666666654,-0.027119591704120878,0.04140790870488318,0.13666666666666666,0.06831945228684361,0.20164002732240435,True,1,0.8045267489711933,0.7500000000000001,0.8568284291577243,0.3705644848202499,0.2694441705308938,0.47064709616635786,True,1
ew6_02,ew6,sampled,6,12000,0.4548146431598251,0.3447636943394384,0.3548154740917224,0.0040286836468837,0.34833333333333333,0.3055555555555556,0.39153110256858287,0.21833333333333332,0.1684018920068027,0.2684978388065995,True,1,-0.09333333333333332,-0.1732677735282554,-0.013098562733364136,0.03666666666666668,-0.04844827686305473,0.12308094014978009,True,1,-0.021666666666666667,-0.06507221560452649,0.02439323290291727,0.125,0.05699863044122004,0.18874725907550557,True,1,0.5968468468468469,0.5323221488453022,0.6589139426957223,0.3558829914251601,0.25107238253988323,0.45770482268991547,True,1
ew6_03,ew6,sampled,6,12000,0.4486426144681069,0.436999211618736,0.3590233827231961,0.0088094547836916,0.38333333333333336,0.3378784185098178,0.4281150159744409,0.18333333333333335,0.12731436551069705,0.23611350574712645,True,1,0.06333333333333335,-0.00971685553787706,0.1390889379903582,0.053333333333333344,-0.03493414387031412,0.13991157556270076,True,1,-0.14666666666666667,-0.19860744494890833,-0.10035167106316834,0.0033333333333332993,-0.07457874752366274,0.07912709844928156,True,1,0.5298742138364779,0.471957571335424,0.584914166408908,0.2060646900269541,0.10372533677353919,0.3054456078707494,True,1
ew6_04,ew6,sampled,6,12000,0.454106669729513,0.2859839737583101,0.3822154923473915,0.0113416360323248,0.4666666666666667,0.41901408450704225,0.514856452200404,0.26,0.2007165303649856,0.3186541565778854,True,1,0.1816666666666667,0.10199889462048635,0.2636736053335731,0.16833333333333336,0.08090494729084566,0.25424100505501035,True,1,-0.07166666666666666,-0.11724401829697392,-0.02422145328719727,0.14166666666666666,0.06890318627450981,0.20984440122256182,True,1,0.6501547987616099,0.5912121686382869,0.7056078222640049,0.3326944813012924,0.23620360178784017,0.4228215455255519,True,1
ew6_05,ew6,sampled,6,12000,0.4705518286358593,0.410404001511578,0.3978569790670323,0.0192131359912618,0.345,0.2992753020729409,0.38961932080864115,0.13166666666666663,0.07579823841203533,0.18829165296728587,True,1,0.05499999999999999,-0.02249909831723455,0.12664584815078234,0.07499999999999998,-0.008710252192982423,0.15423987683252496,True,1,-0.10833333333333334,-0.1542434821780506,-0.06166008771929826,0.08166666666666664,0.006817627764726759,0.1551189469467687,True,1,0.5404411764705882,0.476269168684423,0.6004349816849817,0.18506927564414188,0.08926785504731727,0.28441461316461303,True,1
ew6_06,ew6,sampled,6,12000,0.4895642283956614,0.4279778420231022,0.4089194949793631,0.0200198389982515,0.435,0.3852606297811777,0.48833526490066226,0.215,0.15761946248481967,0.27408766754496505,True,1,0.10666666666666669,0.01984852961958966,0.1958900957290132,0.14333333333333334,0.05588270425226947,0.2305183321563088,True,1,-0.06166666666666665,-0.10669060354956407,-0.015679305975773578,0.15833333333333335,0.09253079967977225,0.22467474718095568,True,1,0.6996644295302014,0.636975105374078,0.7580704678014522,0.3208765507423226,0.22694965662142436,0.4111460364142045,True,1
ew6_07,ew6,sampled,6,12000,0.4290116555658474,0.3257735911430508,0.4006600640051023,0.0268786179236279,0.39,0.34201574212158076,0.4425760427382399,0.16666666666666669,0.11264650726676044,0.22225441501103735,True,1,0.031666666666666676,-0.05317859387626831,0.12383415315142755,-0.008333333333333331,-0.09241065373660652,0.0761960132890365,True,1,-0.10999999999999999,-0.15166810344827591,-0.06795568430942693,0.16666666666666669,0.1013728859241291,0.23436235650143072,True,1,0.6666666666666666,0.6041650236593059,0.7274194896968389,0.27999999999999997,0.1830448010590254,0.37572109757675026,True,1
ew6_08,ew6,sampled,6,12000,0.4551027694186739,0.3968798112664794,0.4316628459389373,0.030805977075421,0.29,0.2482990285155158,0.33495185290944857,0.07999999999999999,0.026126343267593572,0.132404181184669,True,1,0.053333333333333316,-0.010069673529746317,0.11475791670909276,0.03999999999999998,-0.030542742577636207,0.11071974046853465,True,1,-0.195,-0.2443747767059664,-0.1437587807390911,0.11166666666666675,0.040976931702888866,0.18403012387387388,True,1,0.44329896907216493,0.3820499723145072,0.50838996791178,0.12071832391087467,0.029646349961553308,0.20495922465663777,True,1
ew6_09,ew6,sampled,6,12000,0.4682379392429619,0.4172874826807356,0.387624130088579,0.0308873558629434,0.30666666666666664,0.263840022756682,0.3525657894736842,0.10666666666666663,0.052547635755154906,0.1579149452128614,True,1,-0.08333333333333337,-0.15841698400609294,-0.004933806082830002,-0.050000000000000044,-0.1337968515742129,0.030613067807768245,True,1,-0.08833333333333337,-0.1339147618307158,-0.04208401125347439,0.04166666666666663,-0.02758594556243546,0.10715158213122374,True,1,0.5400843881856541,0.47097888973414476,0.6091299019607842,0.14614499424626015,0.03814693502460996,0.24857692860644323,True,1
ew6_10,ew6,sampled,6,12000,0.4816322740234062,0.3805758435048315,0.4132982537744077,0.039753186256462,0.4683333333333333,0.41638225255972694,0.5205497104928682,0.22499999999999998,0.1672849765913445,0.28549592499442855,True,1,0.12,0.027947488767650852,0.2086361214059056,0.0733333333333333,-0.016799765530889695,0.1620746184284906,True,1,-0.07666666666666672,-0.11401231205643166,-0.039865654823623954,0.23666666666666658,0.1672350710846914,0.3047189104156317,True,1,0.7629969418960244,0.7111085626911315,0.8170071726791573,0.4097035287223717,0.3233986385240254,0.4975514413759039,True,1
ew6_11,ew6,sampled,6,12000,0.4770905063009119,0.3428596225564783,0.4191641685366317,0.0433892969718272,0.45166666666666666,0.39768879992026046,0.5,0.225,0.17281575635817734,0.2784826551618414,True,1,0.1983333333333333,0.11486426797822562,0.2736164605158905,0.145,0.06268054006858684,0.2222311827956989,True,1,-0.11833333333333329,-0.1644073484245251,-0.07307906746830067,0.22166666666666668,0.15985583378088078,0.28476874772284017,True,1,0.6754385964912282,0.6153790087463556,0.7318669610333264,0.3577915376676988,0.282071049528302,0.4316131183011849,True,1
ew6_12,ew6,sampled,6,12000,0.4099191449305372,0.3309703757993598,0.3404784963397,0.0436743271723502,0.455,0.40802233269031013,0.5,0.28833333333333333,0.2282100967620231,0.3450029461279461,True,1,0.19666666666666666,0.12194789356984478,0.27009740715164327,0.24666666666666667,0.1555896805896806,0.3306476657984372,True,1,-0.044999999999999984,-0.09009892998800846,0.0,0.16833333333333336,0.09045965145576712,0.2405734814768382,True,1,0.6416666666666667,0.5841377887788779,0.6963770627062705,0.37850877192982463,0.27767067298253856,0.46959090294147204,True,1
ew6_13,ew6,sampled,6,12000,0.4598174573574974,0.33656089956173,0.3993237144198772,0.0445511689425756,0.39166666666666666,0.34477124183006536,0.4377165798446075,0.13166666666666665,0.072342276484171,0.19192577238179842,True,1,0.23833333333333334,0.17465473225404732,0.3003300330033003,0.145,0.06521394064872324,0.22973082305606576,True,1,-0.18,-0.23194837671833873,-0.13006679412929417,0.11666666666666664,0.04376183712121209,0.1893302864421951,True,1,0.5102040816326531,0.45030694785497616,0.5650900814871402,0.1389465966027129,0.059866834286611985,0.22082772902823614,True,1
ew6_14,ew6,sampled,6,12000,0.4503578322503311,0.3574626901709991,0.374327517046696,0.0498883085360667,0.5266666666666666,0.4776321872142835,0.5745198134441414,0.22999999999999993,0.171614758563235,0.2904306407753451,True,1,0.2849999999999999,0.20163030953752684,0.3633452835348814,0.1349999999999999,0.05497867931636815,0.22023857372531006,True,1,-0.125,-0.16507482394366205,-0.08441675127489227,0.15166666666666667,0.08513849548778077,0.2167183983347247,True,1,0.7212276214833759,0.671953601953602,0.7679513888888889,0.29680901683221317,0.21779814669224776,0.37752175795219267,True,1
ew6_15,ew6,sampled,6,12000,0.4507341614802926,0.4317571168785549,0.351098602584154,0.0541968235048724,0.4533333333333333,0.40213008204506184,0.5033037324350992,0.21666666666666665,0.15789240388204553,0.2696446879224876,True,1,0.07833333333333331,-0.013804147748189933,0.16398777827841152,0.07499999999999998,-0.01696055031109205,0.16295989135153777,True,1,-0.04500000000000004,-0.08856725820547681,-0.006640742977952291,0.10499999999999995,0.03154381107851136,0.17508632240775096,True,1,0.7073578595317725,0.6479971830985916,0.7597414151684614,0.259081997462807,0.15588135964333064,0.36047884622001325,True,1
ew6_16,ew6,sampled,6,12000,0.4642182326939499,0.3873029868948057,0.3573377351411902,0.0640644915993703,0.35,0.3055533226152197,0.3981103469304783,0.12666666666666665,0.06878447641813001,0.18225846909051677,True,1,0.07499999999999996,0.0033209020042125046,0.15331068524970962,0.07166666666666663,-0.006896955692725335,0.14479064841968062,True,1,-0.21333333333333337,-0.2654800231584188,-0.16553935097068898,0.12666666666666665,0.06075485878076063,0.1921920393520555,True,1,0.5340236686390533,0.4741143311905328,0.5980256142077846,0.22041420118343197,0.13366088060488682,0.3027287168947881,True,1
ew6_17,ew6,sampled,6,12000,0.4491929958092825,0.3289198974796185,0.3845414523592046,0.0762297657398066,0.42,0.375,0.467687074829932,0.18666666666666665,0.13071184995737423,0.2421875,True,1,0.1733333333333333,0.10178344430992739,0.24359430604982205,0.20666666666666664,0.12886215167908543,0.2883991215800369,True,1,-0.07666666666666666,-0.12798844380576016,-0.023254775747508352,0.06,-0.00687285223367698,0.12745262534544013,True,1,0.5822147651006712,0.5182062628043261,0.6428633004926109,0.14077332365922973,0.04152290538740096,0.24484237654411115,True,1
ew6_18,ew6,sampled,6,12000,0.4468910543608196,0.3727900295171491,0.3373063176512977,0.0869360733437266,0.405,0.36054035250463823,0.450516752391482,0.23833333333333337,0.1837748344370861,0.2926442687747035,True,1,0.025000000000000022,-0.051159350206543844,0.10295385395537515,0.12166666666666667,0.03661690322438451,0.2087564090083072,True,1,0.018333333333333368,-0.03537549818416428,0.06909374016986472,0.15500000000000005,0.08360780787930425,0.22727652782000607,True,1,0.5775862068965517,0.5167404870452289,0.63543125,0.269893899204244,0.16107843137254907,0.3764966025472687,True,1
ew6_19,ew6,sampled,6,12000,0.4466363080456431,0.4366211357147307,0.3582993833290863,0.0876550763403496,0.435,0.389236456128224,0.48135907093534214,0.255,0.199324034085632,0.3099268197910369,True,1,0.08833333333333332,0.012328703703703705,0.1649493213926204,0.14166666666666666,0.059188320914372324,0.2266593268323371,True,1,-0.015000000000000013,-0.07263586575329656,0.042622950819672156,0.15166666666666667,0.08046909974035278,0.21552314596126593,True,1,0.5648148148148148,0.5,0.6273408239700374,0.21866096866096862,0.11366230769423438,0.3170831678793743,True,1
ew6_20,ew6,sampled,6,12000,0.4446224295076172,0.3415942451486329,0.3033187395637844,0.0882691445518094,0.6583333333333333,0.6111111111111112,0.7050103503184713,0.36166666666666664,0.2951612903225807,0.4260606672823828,True,1,0.42,0.3362824625349407,0.504648056084782,0.26999999999999996,0.18102367085687934,0.3588156751226596,True,1,-0.025000000000000022,-0.054422610628409834,0.00340194296896841,0.3449999999999999,0.27082974137931026,0.41374867354813794,True,1,0.8878048780487805,0.8543062200956938,0.9172671023486555,0.5328048780487804,0.45717474275097936,0.6036766201663928,True,1
ew6_21,ew6,sampled,6,12000,0.4627558468370912,0.3478328250958495,0.3498896596121301,0.0990459882117433,0.6316666666666667,0.5818993118475615,0.6809246043888791,0.35500000000000004,0.2959858535805627,0.4092472519864516,True,1,0.395,0.30890530647696257,0.48201614604082205,0.255,0.1714695069204152,0.3321805172717143,True,1,-0.053333333333333344,-0.08557046979865768,-0.020265185754316233,0.2933333333333333,0.21926151334631697,0.361512813970277,True,1,0.8369829683698297,0.7972909401336821,0.875,0.4573038239848029,0.38110703456686484,0.5331572195320796,True,1
ew6_22,ew6,sampled,6,12000,0.4600829570525808,0.3874185376926659,0.3607199195407451,0.1011635132315156,0.3333333333333333,0.2932802225446376,0.3762546057479735,0.10999999999999999,0.053149357909532347,0.16386465660866337,True,1,0.02833333333333332,-0.03560236243324819,0.10064935064935066,0.024999999999999994,-0.05632123768433249,0.10921541086899447,True,1,-0.21333333333333332,-0.2644092381558397,-0.16665322580645164,0.10999999999999999,0.03321611741597556,0.18495348944835235,True,1,0.44054878048780494,0.3844999604868026,0.4937952898550725,0.1417682926829269,0.05919740243996598,0.21916716413116255,True,1
ew6_23,ew6,sampled,6,12000,0.4574017722743885,0.3374665758479859,0.3543366954804789,0.1097545744329297,0.49333333333333335,0.44503057090936626,0.5413675020248702,0.34,0.28304853125510926,0.3975373188144516,True,1,0.1766666666666667,0.09865466856735566,0.2555564430244941,0.2833333333333334,0.19896603954081632,0.37414874392700553,True,1,-0.021666666666666667,-0.06925920880557976,0.025807842046718578,0.14166666666666666,0.07549290491788256,0.20749072356215204,True,1,0.686084142394822,0.6292394717084159,0.7402178004379962,0.3702946687106114,0.26903048528294066,0.471022402640798,True,1
ew6_24,ew6,sampled,6,12000,0.42640066001109,0.3660854729889417,0.387028439252759,0.1100142081299839,0.30333333333333334,0.2614800975117273,0.34655728587319246,0.15000000000000002,0.09396361026680175,0.20462440441996416,True,1,0.030000000000000027,-0.03322272278060473,0.09736256567895056,0.11000000000000004,0.02272332702020203,0.1948888557968268,True,1,-0.12,-0.17791831246323223,-0.06743421052631582,0.030000000000000027,-0.04054653057312634,0.10596143495659091,True,1,0.4094488188976378,0.34187649880095927,0.47860043341595465,0.10175651120533008,-0.00530532989199218,0.2062503580977846,True,1
ew6_25,ew6,sampled,6,12000,0.4649262052619302,0.4224213774178409,0.2955212684589474,0.1171530621781063,0.45,0.40303011770297476,0.4965418381183952,0.22666666666666668,0.1717039034411916,0.28274787925526057,True,1,0.09166666666666667,0.008250146560708691,0.17708429428044278,0.14833333333333337,0.06409395973154362,0.23358039522238444,True,1,-0.05333333333333329,-0.09228647605038154,-0.015302257266543018,0.15000000000000008,0.09137495787936654,0.21222087558743505,True,1,0.7367549668874173,0.6900667808219177,0.7848160416420207,0.3773799668874173,0.2899337843690108,0.46729790336940213,True,1
ew6_26,ew6,sampled,6,12000,0.4840283366151319,0.3492682975886031,0.3000719791300589,0.1201759613992798,0.45,0.4,0.5015398089171974,0.18333333333333335,0.1228869578134284,0.24339270271500413,True,1,0.20333333333333334,0.12456863017504863,0.28348909657320864,0.09333333333333335,0.008381143104568103,0.17891373801916927,True,1,-0.1933333333333333,-0.2473341275107063,-0.1390728476821192,0.17000000000000004,0.0979675589050589,0.24305793378995424,True,1,0.5816062176165803,0.5219997268542267,0.6401542207792208,0.2694369054472681,0.1921916731533358,0.34455386584519265,True,1
ew6_27,ew6,sampled,6,12000,0.4620942037986839,0.3478867949021244,0.3543687302264033,0.1311800767911876,0.425,0.37868852459016394,0.4689567765216836,0.2383333333333333,0.18111094103784486,0.29333788395904437,True,1,0.15166666666666667,0.08166666666666667,0.2191769480519479,0.22166666666666665,0.1377538474406156,0.3062967771931416,True,1,-0.06,-0.11280008994050088,-0.008676126700680267,-0.013333333333333336,-0.07774041724194419,0.052820982184497677,True,1,0.5670103092783506,0.5017843240237271,0.6298076923076923,0.1670103092783506,0.031135150970781338,0.2947833346068486,True,1
ew6_28,ew6,sampled,6,12000,0.4787321890280332,0.3587064830779576,0.3507698075705284,0.1481005202264004,0.5833333333333334,0.5329943690245312,0.6313131313131313,0.32333333333333336,0.2647008632804657,0.37912561576354675,True,1,0.40666666666666673,0.32870165881429136,0.4766800911854102,0.2633333333333334,0.18283810253789812,0.33992820595009143,True,1,-0.1283333333333333,-0.16839603695273794,-0.08754000400039999,0.28500000000000003,0.21520813623462628,0.35552906295093795,True,1,0.7552693208430913,0.7055935670169247,0.7991389641447137,0.42853664757576454,0.35479584660306646,0.5035604559420063,True,1
ew6_29,ew6,sampled,6,12000,0.4472333687138419,0.3313797328715213,0.4098700244328395,0.1568957159629943,0.38666666666666666,0.3419352067398293,0.43115160006285025,0.22666666666666666,0.17300559090592413,0.27946356536612127,True,1,0.08166666666666667,0.008354439285211759,0.14999999999999997,0.10166666666666666,0.018768149476485193,0.18371411297479587,True,1,-0.12500000000000006,-0.17595890450210894,-0.07371575342465757,0.03166666666666659,-0.03691422866055393,0.09934343434343419,True,1,0.514657980456026,0.45631025527870184,0.5709826671118378,0.1988685067718154,0.09126374213464443,0.3114890235498315,True,1
ew6_30,ew6,sampled,6,12000,0.4532229453064696,0.3743019573871669,0.3257670236341531,0.1581463491023904,0.4533333333333333,0.40270238451988527,0.5033816382171645,0.2733333333333333,0.21698033258714428,0.3311790840738209,True,1,0.19166666666666665,0.11334410660118448,0.26924342105263155,0.21833333333333332,0.13272038606942374,0.3023265634820867,True,1,-0.08166666666666672,-0.1283416123778502,-0.03235848280401517,0.2583333333333333,0.18627368732727992,0.3263020617917114,True,1,0.6246105919003115,0.5633078434723172,0.6822820923552805,0.3938413611310808,0.3110065217200434,0.46943274895149995,True,1
ew6_31,ew6,sampled,6,12000,0.4365193292391911,0.3299046827114498,0.3284182538276782,0.1802621150573815,0.39,0.3430034129692833,0.43640253239104826,0.22,0.16325715589750275,0.27199380326625316,True,1,0.0616666666666667,-0.01624320446994869,0.13742863193329077,0.155,0.07241265880217787,0.23585446953294154,True,1,-0.023043478260869554,-0.07299638645573762,0.023820477343479675,0.16362318840579712,0.09310144346431437,0.23130979489372377,True,1,0.6032388663967612,0.5354033430232558,0.665957059679767,0.2761360626584434,0.1697666264915173,0.3728424451876822,True,1
ew6_32,ew6,sampled,6,12000,0.4730376784813725,0.3969255196512267,0.3391023885918591,0.19613183038032,0.46,0.40689294822042354,0.5130784313725489,0.2366666666666667,0.1729941273184466,0.30259006131834437,True,1,0.185,0.10162543646801209,0.2658461008526073,0.19833333333333333,0.10980755523877408,0.2862125351879449,True,1,-0.12999999999999995,-0.1772255996002665,-0.08164838129496418,0.22666666666666668,0.15538834844616606,0.29699584531799295,True,1,0.6610169491525424,0.6002824858757062,0.7215790625577267,0.40239625949736996,0.3193592296529859,0.48211035563191246,True,1
ew6_33,ew6,sampled,6,12000,0.4700127188436147,0.332423169673139,0.3383333289075028,0.1976311323971738,0.40166666666666667,0.3538942162488674,0.45070711152158854,0.18833333333333332,0.13333044982698958,0.2467121179966044,True,1,0.04666666666666669,-0.03571719404374126,0.13106923416389435,0.11000000000000001,0.026980664749121138,0.1960581306990881,True,1,-0.10000000000000003,-0.14309764309764306,-0.05723316224130561,0.12666666666666662,0.055733151183970805,0.2006357950703792,True,1,0.6561461794019933,0.5960230880885421,0.7161323808460764,0.3076613309171448,0.21556360906846894,0.4012438486956212,True,1
ew6_34,ew6,sampled,6,12000,0.4885574736671447,0.4562342840989599,0.3067994768046865,0.1984936408861689,0.38666666666666666,0.3425307996797723,0.43366824715887703,0.16,0.10000000000000003,0.21952113291491213,True,1,0.08499999999999996,0.016711513949865447,0.15729560202675671,0.04166666666666663,-0.03960592487820214,0.12278800291617241,True,1,-0.15999999999999998,-0.20886432089218115,-0.11472602739726023,0.18,0.11072780577515585,0.25662362030905067,True,1,0.5594512195121952,0.5,0.6170278434462831,0.2653335724533717,0.1782804178185739,0.3457267934238369,True,1
ew6_35,ew6,sampled,6,12000,0.4608125307482697,0.3883503700383696,0.3246728269757106,0.2001566773580431,0.37833333333333335,0.33172916666666663,0.4224481984280902,0.17833333333333334,0.12339583333333332,0.23539224214352197,True,1,0.016666666666666663,-0.05825932720719548,0.09202975162308653,0.053333333333333316,-0.03249569382506311,0.14240038769792138,True,1,-0.13666666666666666,-0.18644575690736007,-0.08420922355393433,0.16666666666666663,0.09544408778976,0.2405530316267692,True,1,0.5258899676375404,0.4630043223868009,0.5841290726817042,0.2941018881673417,0.21286536439222925,0.3723741144761296,True,1
ew6_36,ew6,sampled,6,12000,0.4495181094658229,0.3429246508375755,0.3479496540218695,0.2169551979254819,0.3933333333333333,0.3448275862068966,0.44334215017064843,0.1333333333333333,0.0802627860109612,0.1871020173774093,True,1,0.14833333333333332,0.06994939681681478,0.22241261014011263,0.0983333333333333,0.023659039560064817,0.17258506590933442,True,1,-0.16500000000000004,-0.2156657864766531,-0.11551392572944294,0.19833333333333325,0.13079470198675502,0.26910960357889224,True,1,0.5388059701492537,0.47674328325870285,0.5994607534577311,0.18586479367866543,0.10506514985675809,0.26558382387468077,True,1
ew6_37,ew6,sampled,6,12000,0.4828399525951797,0.4163719210101834,0.3274075961223552,0.2228259582883628,0.535,0.48309937092264676,0.5862918999567687,0.22500000000000003,0.16721854304635764,0.28074387458471756,True,1,0.2783333333333334,0.1896424115245009,0.3622029438112775,0.11833333333333337,0.03163513513513509,0.20199027758207694,True,1,-0.06333333333333335,-0.10319108474060547,-0.026936026936027032,0.21666666666666662,0.1483511904761905,0.2837869809872963,True,1,0.7896935933147631,0.7405794377619829,0.8337741356170024,0.35466534472719247,0.27312626851422106,0.4285981728959445,True,1
ew6_38,ew6,sampled,6,12000,0.4655525257627591,0.4425988374702389,0.2983485119624292,0.2250647775862231,0.49166666666666664,0.44408861904868296,0.5422326184083106,0.255,0.19243972124253939,0.3181818181818182,True,1,0.23166666666666663,0.16095742285633033,0.3035187994510796,0.24833333333333332,0.15960825421027094,0.3423799928884675,True,1,-0.04666666666666669,-0.0976495726495726,0.0016557666497986365,0.05999999999999997,-0.01684517589690004,0.13469150969150961,True,1,0.653250773993808,0.5990704655832402,0.7028599717114568,0.26490125943070125,0.1609758689524238,0.3652927091727746,True,1
ew6_39,ew6,sampled,6,12000,0.4408904199356235,0.3985116427934267,0.250148813002238,0.2465044354349425,0.42333333333333334,0.3754315708469322,0.4730170755170755,0.13666666666666666,0.07373599381796106,0.20101394887155197,True,1,0.10666666666666669,0.03469065070823282,0.18274879793659038,0.016666666666666663,-0.07330513899985655,0.10828082963508016,True,1,-0.10166666666666668,-0.15142573606729764,-0.05014505734145919,0.20833333333333331,0.1338632346442775,0.2848067272369456,True,1,0.5809523809523809,0.5233566149665274,0.6438138825324179,0.19547752061718537,0.10649731867712212,0.2879666469815763,True,1
ew6_40,ew6,sampled,6,12000,0.4636705268763805,0.4068565025218353,0.3436495548642987,0.2468914341949601,0.41833333333333333,0.3701923076923077,0.46768981321342096,0.17166666666666666,0.11163700107874866,0.2318714063583685,True,1,0.12833333333333335,0.04603767942583735,0.21093929185779817,0.10166666666666668,0.024906765031593975,0.1813906788508818,True,1,-0.1166666666666667,-0.1617746422893482,-0.07191139395832408,0.1066666666666666,0.03166666666666673,0.18046357615894032,True,1,0.6433021806853583,0.581962785873305,0.7003182271298212,0.2816000530257838,0.19364511025981976,0.36910405544922426,True,1
ew6_41,ew6,sampled,6,12000,0.4820744292280161,0.4038177803592314,0.3051426365148452,0.2529352351641897,0.6883333333333334,0.6411138937282229,0.7339052778373739,0.3983333333333334,0.33586060832342945,0.45904512771306766,True,1,0.5083333333333333,0.4306765958165782,0.5844166812916812,0.395,0.31052039262142495,0.48485475617098134,True,1,-0.05499999999999994,-0.09032900888265545,-0.020765119757432695,0.34833333333333344,0.2790949365633907,0.4177921090435681,True,1,0.850896860986547,0.8145517760651962,0.8857150937297996,0.47589686098654704,0.40713604677674253,0.5482655116131316,True,1
ew6_42,ew6,sampled,6,12000,0.4573976734702036,0.4105841043710326,0.3416504208496015,0.2626545304153228,0.5233333333333333,0.47367985360752873,0.5711979659413434,0.32666666666666666,0.2665482015881512,0.3837209302325581,True,1,0.235,0.15193275511296717,0.3162000216624373,0.265,0.1747377811418685,0.35366258812089774,True,1,-0.09333333333333338,-0.13576211835896992,-0.04888066668632145,0.21333333333333326,0.1411817379568106,0.28746427944752206,True,1,0.7013513513513513,0.6503028335083549,0.7480025316455696,0.4298281725434043,0.3515541334639386,0.5126128807210287,True,1
ew6_43,ew6,sampled,6,12000,0.4862892547849489,0.4436150892716103,0.228726789894177,0.2660476783809595,0.36,0.3171501302391665,0.4046863246577403,0.0633333333333333,0.005224243472865269,0.12102519203504238,True,1,0.13666666666666666,0.07044141985311862,0.20285913404507702,0.04999999999999996,-0.03477216838722242,0.13007108671171164,True,1,-0.17666666666666664,-0.226627298843519,-0.1266360578674194,-0.023333333333333317,-0.09483592880978868,0.04561544638901193,True,1,0.5,0.4406528189910979,0.5604767211087975,0.025925925925925908,-0.06210807818561957,0.12387916492422299,True,1
ew6_44,ew6,sampled,6,12000,0.42695015058714,0.3230541770641292,0.3008672019748859,0.2755136079051473,0.42833333333333334,0.382634497939101,0.4721334244080146,0.225,0.1616135582630428,0.2807103543171654,True,1,0.17333333333333334,0.10199962518740628,0.24014468690702087,0.2,0.11587523763762092,0.2831166794747191,True,1,-0.065,-0.1169915429042904,-0.015254237288135629,0.11166666666666666,0.03673414203940368,0.18557421663049373,True,1,0.5760135135135135,0.5150370295107137,0.6320513017127153,0.26899596965386435,0.1701812928786613,0.36200608750482866,True,1
ew6_45,ew6,sampled,6,12000,0.4626864618725442,0.3766896902301171,0.2651961773820115,0.291090553009236,0.5866666666666667,0.5354832990162435,0.6362145530852994,0.32333333333333336,0.264281561461794,0.38274322414110995,True,1,0.3566666666666667,0.27608693698551345,0.433113088147707,0.25000000000000006,0.15908904619970188,0.33612182816441616,True,1,-0.09666666666666668,-0.14469978188297458,-0.05115251390003867,0.32333333333333336,0.24473497955331863,0.3999999999999999,True,1,0.7426829268292682,0.6922094837617687,0.7923323412698412,0.4499999999999999,0.3803563082571554,0.5166888980510247,True,1
ew6_46,ew6,sampled,6,12000,0.4726094007699143,0.4317314581519759,0.2717362762680477,0.2912129448629877,0.4683333333333333,0.42096002985178244,0.5169760959939531,0.265,0.20438564489045258,0.3244293478260869,True,1,0.14666666666666667,0.05999501661129568,0.2282340201985546,0.16999999999999998,0.07691326530612243,0.2586904393564355,True,1,-0.11500000000000005,-0.15626616379310346,-0.07002808248706655,0.24499999999999994,0.17390774985883686,0.3209724591095949,True,1,0.6842857142857143,0.630057803468208,0.7404174955006156,0.4180135249366019,0.33613113179155973,0.5007986675440766,True,1
ew6_47,ew6,sampled,6,12000,0.4283742725422028,0.3681281172869644,0.2389581884655515,0.3178946767208671,0.425,0.375787555473798,0.474851130737321,0.20166666666666666,0.1460267857142857,0.2559737224822021,True,1,0.19666666666666666,0.12026635204792423,0.26976215265924763,0.16333333333333333,0.0852449791787465,0.24369393163734707,True,1,-0.15499999999999997,-0.20322580645161287,-0.10932342795085286,0.20500000000000007,0.1351329625445381,0.2736204823949123,True,1,0.6206896551724138,0.5626690821256038,0.6790542596348884,0.32354679802955666,0.2445716142775733,0.40448744350952187,True,1
ew6_48,ew6,sampled,6,12000,0.4772838817718966,0.3955495831213908,0.2686326831389788,0.3304306026108977,0.585,0.5349970930232558,0.6343339366291466,0.3316666666666666,0.27142739661654136,0.3959132885236005,True,1,0.3966666666666666,0.3184508364629567,0.47712257541790526,0.3066666666666666,0.21776933235922216,0.3964457928802589,True,1,-0.1216666666666667,-0.16139671058296734,-0.08278380610617453,0.2983333333333333,0.23049973674973664,0.36635289730896153,True,1,0.7594339622641509,0.7118622828257084,0.8026963110863801,0.452503269194844,0.378203511108126,0.5296626423468858,True,1
ew6_49,ew6,sampled,6,12000,0.491497230140616,0.4424859892250403,0.2590630075824077,0.3364766506644214,0.47,0.4194617074355351,0.518457929405916,0.19999999999999996,0.1423892645553522,0.2557386517340259,True,1,0.20666666666666667,0.1266462585034014,0.284031909373919,0.11666666666666664,0.03805957152808707,0.19323110034974442,True,1,-0.10833333333333339,-0.1503281495220431,-0.06565522243713731,0.12166666666666659,0.05722676419965576,0.18904735208842982,True,1,0.6873198847262247,0.6319213815113836,0.7421273979340874,0.2739865513928914,0.18975964644527182,0.3565903775532352,True,1
ew6_50,ew6,sampled,6,12000,0.4726612571952081,0.3925503120033572,0.1940394438615302,0.3369909500066979,0.6,0.5493373661909009,0.6509441619701053,0.3633333333333333,0.3,0.42787474552662585,True,1,0.385,0.30449450880096285,0.46725389321468297,0.31166666666666665,0.2251626264387862,0.39590803987210027,True,1,-0.10499999999999998,-0.14502009113298028,-0.06396236613627918,0.28833333333333333,0.21332006920415228,0.3629423112395473,True,1,0.764775413711584,0.7165775855435284,0.8102281541549143,0.473770122706293,0.3971852609026447,0.550226538748563,True,1
ew6_51,ew6,sampled,6,12000,0.4567766234156113,0.3703113764405003,0.2884417020127156,0.3381878496980011,0.5966666666666667,0.5460986856437441,0.6444834890719037,0.3566666666666667,0.29865434285903514,0.4151322784414285,True,1,0.355,0.27226559904312575,0.42884165932239304,0.315,0.23063973063973067,0.39932582047072984,True,1,-0.05499999999999994,-0.09441256418000611,-0.014033860875966187,0.28833333333333344,0.2196620554436033,0.35186139747995415,True,1,0.7890025575447571,0.7433859246509849,0.8300295411419699,0.45185970040190004,0.3704774071566427,0.5284613658135705,True,1
ew6_52,ew6,sampled,6,12000,0.4494797210835251,0.3712245226016535,0.267135272795619,0.3419539076946621,0.6666666666666666,0.6175362976406534,0.7154916351010101,0.3466666666666666,0.29099227311503373,0.40615132571800044,True,1,0.48666666666666664,0.40851202886053284,0.5652920962199313,0.34333333333333327,0.2568273995979241,0.4302721088435374,True,1,-0.08833333333333337,-0.12219034343572553,-0.055350206496260886,0.2916666666666666,0.2207332643202208,0.36092939723874723,True,1,0.8333333333333333,0.7954420853269537,0.8722955236253109,0.44761904761904747,0.37944628833290056,0.5152634714825993,True,1
ew6_53,ew6,sampled,6,12000,0.4469436238170355,0.3952110323659535,0.276082233068755,0.3487418577916573,0.5933333333333334,0.5430308047361028,0.6440150519147788,0.4,0.3408284015767378,0.460658115593353,True,1,0.3616666666666667,0.28025344120035905,0.4411907481439177,0.35500000000000004,0.2667702446132109,0.44189728682170526,True,1,-0.09833333333333327,-0.1384435578374513,-0.05781985871271594,0.365,0.2907780801583375,0.43791396157125057,True,1,0.7722891566265061,0.7276914970099017,0.8194521604938271,0.5692434713473182,0.5007327986594153,0.6389873897015218,True,1
ew6_54,ew6,sampled,6,12000,0.472275108812432,0.4231400333481961,0.1845848593912485,0.3503573926063266,0.5383333333333333,0.487300576281468,0.5890457082237904,0.2683333333333333,0.20960074154458314,0.3293525447375703,True,1,0.2866666666666667,0.2060680320125673,0.36679530464384497,0.19666666666666666,0.11499653534477289,0.2824728376198964,True,1,-0.050000000000000044,-0.09246892440385594,-0.008386483843726419,0.2433333333333333,0.1746164927158077,0.31672862126070256,True,1,0.7592067988668555,0.7076023391812866,0.8057854234040006,0.3805085740147845,0.2971627204311182,0.46520308181689396,True,1
ew6_55,ew6,sampled,6,12000,0.4620023522970135,0.445746684921291,0.317416974888893,0.3603797747031428,0.6,0.549467296195341,0.6487344607776416,0.3433333333333333,0.2823671130663037,0.40060363604254146,True,1,0.39999999999999997,0.32116878760334155,0.4764445441254651,0.36666666666666664,0.2779716090618647,0.44984223300970877,True,1,-0.05500000000000005,-0.09661016949152545,-0.016542191352589,0.26833333333333326,0.19078736504723356,0.3449519879397928,True,1,0.8002544529262087,0.7535663746630729,0.8443065748720711,0.4611739931560937,0.3784904690613481,0.5343088393882798,True,1
ew6_56,ew6,sampled,6,12000,0.4736513710807675,0.3879912399489013,0.2362849183928911,0.3636300365974209,0.4766666666666667,0.4270824065836299,0.5265975177304963,0.23,0.1721833309338708,0.28666845878136193,True,1,0.21166666666666667,0.1245749383774515,0.29301083591331256,0.135,0.05951375482625484,0.21260374149659858,True,1,-0.09499999999999997,-0.13301514505119452,-0.05853902953586499,0.19499999999999995,0.12614990719333097,0.2602817812681272,True,1,0.7405247813411079,0.6899089674596389,0.7910068157906774,0.42996577512992773,0.34266869572422126,0.5089145117586698,True,1
ew6_57,ew6,sampled,6,12000,0.471965546572935,0.41004731602731,0.2490593442149018,0.37733882397746,0.7516666666666667,0.7086135057471264,0.7935153583617748,0.4716666666666667,0.4076883561643835,0.5338087872981112,True,1,0.6133333333333334,0.5418246181822807,0.6809231159215242,0.5,0.4209600298517825,0.5802198607232736,True,1,-0.07499999999999996,-0.10726086882044608,-0.04290311173974538,0.42500000000000004,0.3477562716262975,0.498305929387916,True,1,0.8659274193548387,0.8310128600864449,0.8960923348103558,0.558235111662531,0.49093482006952593,0.6259918721498687,True,1
ew6_58,ew6,sampled,6,12000,0.4666879032330079,0.4083432143486943,0.1985256739426651,0.3871520032518007,0.5533333333333333,0.5034240751094958,0.6035046018592954,0.26,0.2043849426958604,0.31973642398135715,True,1,0.31333333333333335,0.23098295580723963,0.39212727943443604,0.2,0.11794754453875572,0.28721302472227267,True,1,-0.08499999999999996,-0.12230351670325362,-0.04643445968870606,0.20500000000000007,0.13941432119205288,0.27152466768307215,True,1,0.7819843342036553,0.7333116883116884,0.8288125304469615,0.3762700484893696,0.29558378980150635,0.460275653783394,True,1
ew6_59,ew6,sampled,6,12000,0.4920532445350133,0.4778750796490927,0.2630152312418911,0.3984937716888489,0.6666666666666666,0.6181180161201685,0.7119231494676838,0.41,0.35172432011711097,0.47004033897932485,True,1,0.505,0.42617154267889207,0.5779794064904262,0.40166666666666667,0.31491641804141807,0.49004200741119347,True,1,-0.08666666666666667,-0.12539210152304728,-0.05254000237051081,0.36333333333333334,0.2906024738119192,0.4383160412143062,True,1,0.8351769911504425,0.7939518266437675,0.874219477113123,0.5474411420938388,0.4815515456119519,0.6131742312406312,True,1
ew6_60,ew6,sampled,6,12000,0.4726809012419945,0.4128565716781241,0.3112618793940374,0.3993104561519904,0.65,0.6041576557093425,0.6989449868104951,0.4166666666666667,0.35617522614531666,0.4784067211857909,True,1,0.4083333333333333,0.32786611108065133,0.4932220452735752,0.385,0.3026869319382795,0.4737962249614791,True,1,-0.07166666666666666,-0.10344964858335162,-0.039706384060937565,0.34500000000000003,0.2783128656850768,0.4158257330587429,True,1,0.8371824480369514,0.8025949848024316,0.8714028636616123,0.5500029608574643,0.4794010630076812,0.6225516679650831,True,1
ew6_61,ew6,sampled,6,12000,0.4752436926649555,0.3981625570265024,0.2531882033610148,0.4187363709563998,0.51,0.46091135965786967,0.5559150231424592,0.29333333333333333,0.23509685430463578,0.3483895405669599,True,1,0.235,0.1537102473498233,0.31551967579333257,0.205,0.12372310816909882,0.2813631731388114,True,1,-0.1283333333333333,-0.16728553996339227,-0.09060402684563762,0.2783333333333333,0.2102488279738741,0.3441801875140355,True,1,0.7127937336814621,0.6621927274100367,0.7598477129743204,0.429371273788414,0.35024328179149694,0.504482415527599,True,1
ew6_62,ew6,sampled,6,12000,0.4593559302117474,0.3747564670816528,0.1624377922345743,0.4201608026680478,0.7483333333333333,0.7045454545454546,0.7891433779213332,0.4583333333333333,0.3971355216479884,0.5171933525696863,True,1,0.63,0.5622899924997322,0.6928245883677753,0.47000000000000003,0.3956186868686869,0.5425302405730503,True,1,-0.050000000000000044,-0.08333333333333337,-0.017909548896592933,0.39999999999999997,0.3283239247311829,0.4721473334664935,True,1,0.8674321503131524,0.8347366218894516,0.8987515317236996,0.534098816979819,0.4640002157781086,0.5998065598029733,True,1
ew6_63,ew6,sampled,6,12000,0.4691888983326668,0.4175868844445359,0.2330040478282749,0.4263025363036652,0.5866666666666667,0.537827468288527,0.6370322531064895,0.29,0.2284161770929277,0.35117266635499456,True,1,0.38,0.3013182724489069,0.4557425673798277,0.25666666666666665,0.17384426229508193,0.3382243890190824,True,1,-0.050000000000000044,-0.09295058139534884,-0.006825938566553,0.24666666666666665,0.17538311688311686,0.31633359226043345,True,1,0.7879581151832461,0.7396392958892959,0.8324473266095608,0.3890817106888641,0.30438644474272086,0.46907907019174055,True,1
