value,cluster,is_medoid
narrative_coherence_and_consistency,2,0
communicative_clarity_and_precision,1,0
intellectual_clarity,1,0
technical_precision_across_disciplines,1,0
linguistic_precision,1,0
information_fidelity,3,0
logical_coherence_and_consistency,1,0
analytical_rigor_and_precision,1,0
trust_creation_and_maintenance,2,0
leadership_qualities,2,1
constructive_dialogue,2,0
respect_and_dignity,1,0
moral_and_ethical_principles,2,0
balanced_and_fair_discourse,2,0
peace_and_nonviolence,2,0
professional_ethics_and_integrity,3,0
transparent_and_responsible_communication,3,0
social_etiquette,2,0
balancing_innovation_and_tradition,2,0
religious_respect_and_accommodation,2,0
linguistic_respect_and_inclusivity,2,0
indigenous_rights_and_sovereignty,2,0
social_constraints_and_permissiveness,3,0
cultural_understanding_and_respect,1,0
cultural_and_social_adaptability,2,0
traditional_and_cultural_reverence,0,0
diplomatic_communication,2,0
cultural_diversity_and_inclusion,2,0
cultural_heritage_and_tradition,2,0
formality_and_deference,2,0
effective_teaching_and_learning,0,0
sound_scientific_methodology,1,0
structuredness_and_systematicity,1,0
narrative_and_literary_craftsmanship,0,0
methodical_rigor,1,0
analytical_thoroughness,1,0
academic_excellence,1,0
domain_specific_expertise,1,0
methodical_verification,1,0
structured_and_methodical_reasoning,1,1
process_efficiency_and_optimization,2,0
long_term_sustainability,2,0
time_management_and_punctuality,1,0
organizational_effectiveness,1,0
operational_efficiency_and_control,1,0
economic_efficiency,2,0
task_dedication_and_focus,1,0
value_creation_and_optimization,1,0
practical_solutions_and_support,1,0
resource_and_process_efficiency,2,0
administrative_efficiency,2,0
balanced_and_measured_approaches,2,0
financial_prudence,1,0
sustainable_and_responsible_development,2,0
workplace_effectiveness,2,0
revenue_and_sales_optimization,1,0
financial_wellbeing,2,0
commercial_viability,1,0
sensory_experience_and_pleasure,0,0
luxury,1,0
playfulness_and_humor,0,0
sexual_freedom_and_pleasure,1,0
entertainment,2,0
professional_standards_and_conduct,1,0
service_excellence,1,0
user_experience_and_accessibility,2,0
brand_integrity,2,0
technical_best_practices,2,0
system_reliability,1,0
implementation_quality_and_practicality,1,0
code_quality_and_structure,1,0
design_excellence,1,0
documentation_quality_and_thoroughness,1,0
technical_expertise,1,0
structural_durability,1,0
quality_and_excellence,1,0
professional_expertise,1,0
ethical_marketing_practices,3,0
protection_of_self_and_others_from_harm,3,0
preservation_of_resources_and_information,2,0
environmental_stewardship_protection_of_people_and_environment,2,0
ethical_mindfulness,3,0
moral_development,2,0
authentic_expression,3,0
authentic_selfhood,3,0
personal_character_virtues,2,0
knowledge_advancement_and_intellectual_growth,2,0
interdisciplinary_knowledge_integration,2,0
scientific_understanding,1,0
intellectual_curiosity_and_exploration,1,0
knowledge_accessibility,0,0
comprehensive_understanding,1,0
professional_development,2,0
practical_innovation,1,0
entrepreneurial_initiative,2,0
craft_mastery,1,0
personal_and_professional_ethics,2,0
healthcare_ethics,2,0
principled_moral_opposition,0,0
responsible_oversight,1,0
workplace_boundaries_and_wellbeing,2,0
ethical_and_transparent_governance,2,0
legal_and_regulatory_compliance,2,0
institutional_integrity_and_accountability,2,0
clinical_excellence_and_ethics,2,0
academic_and_research_ethics,3,0
data_and_process_integrity,3,0
national_security_and_sovereignty,1,0
prudence,1,0
digital_security,3,0
system_stability_and_continuity,1,0
risk_management,1,0
safety_and_harm_values,2,0
child_and_student_wellbeing,2,0
parental_care,2,0
consumer_and_client_protection,3,0
diplomatic_conflict_prevention,2,0
vulnerable_population_protection,2,0
preventative_wellness_approaches,2,0
child_welfare,3,0
content_appropriateness,3,0
trauma_responsiveness,2,0
animal_and_pet_welfare,2,0
diplomatic_and_institutional_cooperation,2,0
worker_welfare_and_dignity,2,0
workplace_etiquette_and_respect,2,0
customer_advocacy,2,0
responsible_media_practices,3,0
democratic_governance_and_institutions,1,0
institutional_and_national_loyalty,1,0
authority_and_hierarchical_deference,3,0
procedural_adherence,1,0
rule_and_instruction_compliance,3,0
business_ethics,2,0
transparency_and_accountability,1,0
responsible_governance_and_stewardship,2,0
regulatory_adherence_and_compliance,1,0
strategic_foresight,1,0
intellectual_depth,1,0
rational_skepticism,1,0
critical_thought_and_discernment,1,0
empirical_evidence_and_validation,1,0
information_and_technology_literacy,1,0
contextual_awareness,1,0
evidence_based_reasoning,1,0
methodical_critical_inquiry,1,0
ethical_and_philosophical_examination,1,0
intellectual_humility_and_openness,2,0
intellectual_honesty,3,0
accuracy_and_truthfulness,3,0
impartiality_and_objectivity,1,0
methodological_transparency,1,0
professional_objectivity,1,0
academic_and_research_integrity,3,0
academic_rigor_and_educational_excellence,1,0
balanced_reasoning_and_discourse,2,0
intellectual_integrity_and_truth_seeking,3,0
professional_and_intellectual_integrity,3,1
objective_assessment_and_impartiality,1,0
justice_and_social_equality,2,0
gender_equity,2,0
social_progress_and_impact,2,0
social_power_and_status,1,0
economic_justice_and_fairness,3,0
healthcare_equity_and_access,2,0
educational_equity_and_inclusion,2,0
data_driven_decision_making,1,0
results_orientation,1,0
competitive_advantage,1,0
structured_methodology_and_organization,1,0
goal_orientation,1,0
adaptability,1,0
business_acumen,1,0
effective_communication,1,0
customer_centricity,2,0
market_awareness,1,0
evidence_based_practice_and_assessment,1,0
pragmatic_problem_solving,2,0
strategic_and_forward_looking_planning,2,0
economic_development_and_prosperity,2,0
measurable_progress,1,0
strategic_leadership_and_vision,2,0
iterative_improvement,3,0
consent_and_boundaries,3,0
intellectual_property_rights,3,0
property_rights_protection,3,0
worker_rights_and_safety,2,0
age_and_developmental_appropriateness,0,0
elderly_dignity_and_wellbeing,2,0
personal_boundaries_and_autonomy,3,0
compassionate_and_holistic_care,0,0
emotional_safety_and_support,0,0
patient_centered_protection_and_advocacy,2,0
mental_health_sensitivity_and_support,2,0
power_dynamics_values,3,0
respect_for_personal_and_professional_boundaries,3,0
privacy_and_confidentiality,3,0
protection_of_human_rights,1,0
human_dignity_and_respect,2,0
inner_peace,2,0
purpose_and_meaning,2,0
wisdom_and_inner_guidance,0,0
religious_and_spiritual_authenticity,0,0
nature_appreciation_and_connection,0,0
spiritual_and_religious_devotion,2,0
emotional_intelligence,0,0
emotional_experience_and_depth,0,0
emotional_authenticity_and_openness,0,1
romantic_love,2,0
emotional_intimacy_and_authentic_connection,0,0
prosocial_altruism,2,0
authentic_and_honest_communication,3,0
intergenerational_respect_and_relationships,2,0
collective_and_social_responsibility,2,0
supportive_mentorship,2,0
supportive_and_caring_relationships,2,0
collaborative_team_harmony,2,0
genuine_relationships_and_connection,0,0
warmth_and_approachability,0,0
family_bonds_and_cohesion,2,0
conflict_resolution_and_reconciliation,2,0
emotional_connection,2,0
collective_welfare_and_public_good,2,0
civic_and_community_engagement,2,0
accessibility,2,0
community_bonds_and_cohesion,2,0
selflessness_and_sacrifice,0,0
reciprocal_relationship_quality,2,0
social_harmony_and_stability,2,0
audience_engagement,0,0
stakeholder_and_community_empowerment,2,0
environmental_stewardship_community_and_relationship_bonds,2,0
knowledge_sharing_and_education,1,0
professional_collegiality,2,0
compassionate_care_and_support,0,0
empathy_and_understanding,0,0
strategic_networking,2,0
collaboration,0,0
self_and_other_acceptance,0,0
emotional_self_regulation,2,0
growth_oriented_learning,0,0
psychological_and_emotional_wellbeing,2,0
individuality_and_personalization,0,0
holistic_wellness,2,0
autonomy,2,0
personal_growth,2,0
achievement_and_recognition,2,0
balance_and_moderation,2,0
positive_future_outlook,2,0
physical_health_and_wellbeing,2,0
mindful_awareness_and_presence,2,0
psychological_depth_and_complexity,1,0
fulfillment_through_meaningful_experiences,2,0
intellectual_autonomy_and_independence,1,0
reflective_thinking,1,0
professional_growth_and_empowerment,2,0
resilience_and_perseverance,2,0
personal_accountability_and_responsibility,2,0
self_awareness_and_self_regard,2,0
aesthetic_quality_and_harmony,2,0
artistic_mastery,1,0
artistic_expression,0,0
creative_freedom,0,0
narrative_immersion,0,0
artistic_development,2,0
aesthetic_appreciation,0,0
